-- ServerExchange auto dump (development startup)
-- source: C:/MyCode/Node/Project/ServerExchange/data/app.db
-- generatedAt: 2026-07-18T11:09:35.213Z
PRAGMA foreign_keys=OFF;
BEGIN TRANSACTION;

DROP TABLE IF EXISTS "sys_admin";
CREATE TABLE "sys_admin" ("id" integer PRIMARY KEY AUTOINCREMENT NOT NULL, "username" varchar NOT NULL, "password" varchar NOT NULL, "nickname" varchar, "phone" varchar, "email" varchar, "lastLoginAt" datetime, "lastLoginIp" varchar, "isSuperAdmin" boolean NOT NULL DEFAULT (0), "createdAt" datetime NOT NULL DEFAULT (datetime('now')), "updatedAt" datetime NOT NULL DEFAULT (datetime('now')), "status" boolean NOT NULL DEFAULT (1), "sex" integer, "remark" varchar NOT NULL DEFAULT (''), "avatar" integer, CONSTRAINT "UQ_96835bbac7fd7387f313cb9be02" UNIQUE ("username"));
INSERT INTO "sys_admin" ("id", "username", "password", "nickname", "phone", "email", "lastLoginAt", "lastLoginIp", "isSuperAdmin", "createdAt", "updatedAt", "status", "sex", "remark", "avatar") VALUES (1, 'admin', 'admin123', 'Yoyo', '17666666666', 'qq1294858802@gmail.com', NULL, NULL, 1, '2026-03-13 23:53:36.994691', '2026-03-27 00:07:29.025053', 1, 1, '我是备注信息哦', 4);
INSERT INTO "sys_admin" ("id", "username", "password", "nickname", "phone", "email", "lastLoginAt", "lastLoginIp", "isSuperAdmin", "createdAt", "updatedAt", "status", "sex", "remark", "avatar") VALUES (2, 'yoyo', 'a123456', '悠悠哒', '13552455654', '', NULL, NULL, 0, '2026-03-17 21:44:01.744229', '2026-03-29 14:46:54.000000', 1, 0, '', 7);

DROP TABLE IF EXISTS "sys_admin_roles";
CREATE TABLE "sys_admin_roles" ("admin_id" integer NOT NULL, "role_id" integer NOT NULL, CONSTRAINT "FK_18cdc9b348abeb0241c2f4a5d05" FOREIGN KEY ("admin_id") REFERENCES "sys_admin" ("id") ON DELETE CASCADE ON UPDATE CASCADE, CONSTRAINT "FK_10c43217a9477c032315092cdbc" FOREIGN KEY ("role_id") REFERENCES "sys_role" ("id") ON DELETE CASCADE ON UPDATE CASCADE, PRIMARY KEY ("admin_id", "role_id"));
INSERT INTO "sys_admin_roles" ("admin_id", "role_id") VALUES (1, 1);
INSERT INTO "sys_admin_roles" ("admin_id", "role_id") VALUES (2, 2);

DROP TABLE IF EXISTS "sys_code_field_config";
CREATE TABLE "sys_code_field_config" ("id" integer PRIMARY KEY AUTOINCREMENT NOT NULL, "field_name" varchar(100) NOT NULL, "db_type" varchar(50) NOT NULL, "ts_type" varchar(50) NOT NULL, "field_length" integer, "field_comment" varchar(255), "is_nullable" boolean NOT NULL DEFAULT (0), "is_unique" boolean NOT NULL DEFAULT (0), "default_value" varchar(255), "is_insert" boolean NOT NULL DEFAULT (1), "is_update" boolean NOT NULL DEFAULT (1), "is_list" boolean NOT NULL DEFAULT (1), "is_query" boolean NOT NULL DEFAULT (0), "query_operator" varchar(20) NOT NULL DEFAULT ('='), "query_component" varchar(50) NOT NULL DEFAULT ('input'), "form_component" varchar(50) NOT NULL DEFAULT ('input'), "dict_code" varchar(100), "sort_order" integer NOT NULL DEFAULT (0), "created_at" datetime NOT NULL DEFAULT (datetime('now')), "updated_at" datetime NOT NULL DEFAULT (datetime('now')), "table_id" integer, "is_multi_select" boolean NOT NULL DEFAULT (0), CONSTRAINT "FK_42d24fd755d14462d7c01aecbe5" FOREIGN KEY ("table_id") REFERENCES "sys_code_table_config" ("id") ON DELETE CASCADE ON UPDATE NO ACTION);
INSERT INTO "sys_code_field_config" ("id", "field_name", "db_type", "ts_type", "field_length", "field_comment", "is_nullable", "is_unique", "default_value", "is_insert", "is_update", "is_list", "is_query", "query_operator", "query_component", "form_component", "dict_code", "sort_order", "created_at", "updated_at", "table_id", "is_multi_select") VALUES (91, 'id', 'int', 'number', NULL, NULL, 0, 0, NULL, 0, 1, 1, 0, '=', 'input', 'input', NULL, 0, '2026-03-24 13:25:21.108263', '2026-03-24 13:25:21.108263', 1, 0);
INSERT INTO "sys_code_field_config" ("id", "field_name", "db_type", "ts_type", "field_length", "field_comment", "is_nullable", "is_unique", "default_value", "is_insert", "is_update", "is_list", "is_query", "query_operator", "query_component", "form_component", "dict_code", "sort_order", "created_at", "updated_at", "table_id", "is_multi_select") VALUES (92, 'username', 'varchar', 'string', 255, '用户名', 0, 0, NULL, 1, 1, 1, 1, '=', 'select', 'input', 'sys_message_status', 1, '2026-03-24 13:25:21.114507', '2026-03-24 13:25:21.114507', 1, 0);
INSERT INTO "sys_code_field_config" ("id", "field_name", "db_type", "ts_type", "field_length", "field_comment", "is_nullable", "is_unique", "default_value", "is_insert", "is_update", "is_list", "is_query", "query_operator", "query_component", "form_component", "dict_code", "sort_order", "created_at", "updated_at", "table_id", "is_multi_select") VALUES (93, 'password', 'varchar', 'string', 255, '密码哈希', 0, 0, NULL, 1, 1, 1, 1, '=', 'input', 'input', NULL, 2, '2026-03-24 13:25:21.117713', '2026-03-24 13:25:21.117713', 1, 0);
INSERT INTO "sys_code_field_config" ("id", "field_name", "db_type", "ts_type", "field_length", "field_comment", "is_nullable", "is_unique", "default_value", "is_insert", "is_update", "is_list", "is_query", "query_operator", "query_component", "form_component", "dict_code", "sort_order", "created_at", "updated_at", "table_id", "is_multi_select") VALUES (94, 'nickname', 'varchar', 'string', 255, '昵称', 0, 0, NULL, 1, 1, 1, 0, '=', 'input', 'input', NULL, 3, '2026-03-24 13:25:21.122174', '2026-03-24 13:25:21.122174', 1, 0);
INSERT INTO "sys_code_field_config" ("id", "field_name", "db_type", "ts_type", "field_length", "field_comment", "is_nullable", "is_unique", "default_value", "is_insert", "is_update", "is_list", "is_query", "query_operator", "query_component", "form_component", "dict_code", "sort_order", "created_at", "updated_at", "table_id", "is_multi_select") VALUES (95, 'phone', 'varchar', 'string', 255, '手机号码', 0, 0, NULL, 1, 1, 1, 0, '=', 'input', 'input', NULL, 4, '2026-03-24 13:25:21.125102', '2026-03-24 13:25:21.125102', 1, 0);
INSERT INTO "sys_code_field_config" ("id", "field_name", "db_type", "ts_type", "field_length", "field_comment", "is_nullable", "is_unique", "default_value", "is_insert", "is_update", "is_list", "is_query", "query_operator", "query_component", "form_component", "dict_code", "sort_order", "created_at", "updated_at", "table_id", "is_multi_select") VALUES (96, 'email', 'varchar', 'string', 255, '电子邮箱', 0, 0, NULL, 1, 1, 1, 0, '=', 'input', 'input', NULL, 5, '2026-03-24 13:25:21.128165', '2026-03-24 13:25:21.128165', 1, 0);
INSERT INTO "sys_code_field_config" ("id", "field_name", "db_type", "ts_type", "field_length", "field_comment", "is_nullable", "is_unique", "default_value", "is_insert", "is_update", "is_list", "is_query", "query_operator", "query_component", "form_component", "dict_code", "sort_order", "created_at", "updated_at", "table_id", "is_multi_select") VALUES (97, 'lastLoginAt', 'datetime', 'string', NULL, '最后登录时间', 0, 0, NULL, 0, 0, 1, 1, 'between', 'date', 'input', NULL, 6, '2026-03-24 13:25:21.131589', '2026-03-24 13:25:21.131589', 1, 0);
INSERT INTO "sys_code_field_config" ("id", "field_name", "db_type", "ts_type", "field_length", "field_comment", "is_nullable", "is_unique", "default_value", "is_insert", "is_update", "is_list", "is_query", "query_operator", "query_component", "form_component", "dict_code", "sort_order", "created_at", "updated_at", "table_id", "is_multi_select") VALUES (98, 'lastLoginIp', 'varchar', 'string', 255, '最后登录IP', 0, 0, NULL, 1, 1, 1, 0, '=', 'input', 'input', NULL, 7, '2026-03-24 13:25:21.134402', '2026-03-24 13:25:21.134402', 1, 0);
INSERT INTO "sys_code_field_config" ("id", "field_name", "db_type", "ts_type", "field_length", "field_comment", "is_nullable", "is_unique", "default_value", "is_insert", "is_update", "is_list", "is_query", "query_operator", "query_component", "form_component", "dict_code", "sort_order", "created_at", "updated_at", "table_id", "is_multi_select") VALUES (99, 'isSuperAdmin', 'tinyint', 'number', NULL, '是否超级管理员', 0, 0, NULL, 1, 1, 1, 0, '=', 'input', 'input', NULL, 8, '2026-03-24 13:25:21.137830', '2026-03-24 13:25:21.137830', 1, 0);
INSERT INTO "sys_code_field_config" ("id", "field_name", "db_type", "ts_type", "field_length", "field_comment", "is_nullable", "is_unique", "default_value", "is_insert", "is_update", "is_list", "is_query", "query_operator", "query_component", "form_component", "dict_code", "sort_order", "created_at", "updated_at", "table_id", "is_multi_select") VALUES (100, 'createdAt', 'datetime', 'string', NULL, '创建时间', 0, 0, NULL, 1, 1, 1, 0, '=', 'input', 'input', NULL, 9, '2026-03-24 13:25:21.142549', '2026-03-24 13:25:21.142549', 1, 0);
INSERT INTO "sys_code_field_config" ("id", "field_name", "db_type", "ts_type", "field_length", "field_comment", "is_nullable", "is_unique", "default_value", "is_insert", "is_update", "is_list", "is_query", "query_operator", "query_component", "form_component", "dict_code", "sort_order", "created_at", "updated_at", "table_id", "is_multi_select") VALUES (101, 'updatedAt', 'datetime', 'string', NULL, '更新时间', 0, 0, NULL, 1, 1, 1, 0, '=', 'input', 'input', NULL, 10, '2026-03-24 13:25:21.145163', '2026-03-24 13:25:21.145163', 1, 0);
INSERT INTO "sys_code_field_config" ("id", "field_name", "db_type", "ts_type", "field_length", "field_comment", "is_nullable", "is_unique", "default_value", "is_insert", "is_update", "is_list", "is_query", "query_operator", "query_component", "form_component", "dict_code", "sort_order", "created_at", "updated_at", "table_id", "is_multi_select") VALUES (102, 'avatar', 'varchar', 'string', 255, '头像', 0, 0, NULL, 1, 1, 1, 0, '=', 'input', 'input', NULL, 11, '2026-03-24 13:25:21.148581', '2026-03-24 13:25:21.148581', 1, 0);
INSERT INTO "sys_code_field_config" ("id", "field_name", "db_type", "ts_type", "field_length", "field_comment", "is_nullable", "is_unique", "default_value", "is_insert", "is_update", "is_list", "is_query", "query_operator", "query_component", "form_component", "dict_code", "sort_order", "created_at", "updated_at", "table_id", "is_multi_select") VALUES (103, 'status', 'tinyint', 'number', NULL, '用户状态 0:禁用 1:正常', 0, 0, NULL, 1, 1, 1, 0, '=', 'input', 'input', NULL, 12, '2026-03-24 13:25:21.152109', '2026-03-24 13:25:21.152109', 1, 0);
INSERT INTO "sys_code_field_config" ("id", "field_name", "db_type", "ts_type", "field_length", "field_comment", "is_nullable", "is_unique", "default_value", "is_insert", "is_update", "is_list", "is_query", "query_operator", "query_component", "form_component", "dict_code", "sort_order", "created_at", "updated_at", "table_id", "is_multi_select") VALUES (104, 'sex', 'int', 'number', NULL, '性别 1:女 0:男', 0, 0, NULL, 1, 1, 1, 0, '=', 'input', 'input', NULL, 13, '2026-03-24 13:25:21.154496', '2026-03-24 13:25:21.154496', 1, 0);
INSERT INTO "sys_code_field_config" ("id", "field_name", "db_type", "ts_type", "field_length", "field_comment", "is_nullable", "is_unique", "default_value", "is_insert", "is_update", "is_list", "is_query", "query_operator", "query_component", "form_component", "dict_code", "sort_order", "created_at", "updated_at", "table_id", "is_multi_select") VALUES (105, 'remark', 'varchar', 'string', 255, '用户备注', 0, 0, NULL, 1, 1, 1, 0, '=', 'input', 'input', NULL, 14, '2026-03-24 13:25:21.157641', '2026-03-24 13:25:21.157641', 1, 0);

DROP TABLE IF EXISTS "sys_code_table_config";
CREATE TABLE "sys_code_table_config" ("id" integer PRIMARY KEY AUTOINCREMENT NOT NULL, "table_name" varchar(200) NOT NULL, "table_comment" varchar(255), "class_name" varchar(200) NOT NULL, "module_name" varchar(200) NOT NULL, "created_at" datetime NOT NULL DEFAULT (datetime('now')), "updated_at" datetime NOT NULL DEFAULT (datetime('now')), "template_name" varchar(200), CONSTRAINT "UQ_ebdb0bc112488d98d2727e0d49b" UNIQUE ("table_name"));
INSERT INTO "sys_code_table_config" ("id", "table_name", "table_comment", "class_name", "module_name", "created_at", "updated_at", "template_name") VALUES (1, 'sys_admin', '管理员表', 'SysAdmin', 'system/admin', '2026-03-24 10:33:19.970155', '2026-03-24 10:33:19.970155', '');

DROP TABLE IF EXISTS "sys_dict";
CREATE TABLE "sys_dict" ("id" integer PRIMARY KEY AUTOINCREMENT NOT NULL, "code" varchar(200) NOT NULL, "name" varchar(200) NOT NULL, "description" varchar(200), "status" boolean NOT NULL DEFAULT (1), "createdAt" datetime NOT NULL DEFAULT (datetime('now')), CONSTRAINT "UQ_874f7102d990e09960f7c30967f" UNIQUE ("code"));
INSERT INTO "sys_dict" ("id", "code", "name", "description", "status", "createdAt") VALUES (12, 'sys_message_type', '系统消息类型', '', 1, '2026-03-23 01:26:25.244289');
INSERT INTO "sys_dict" ("id", "code", "name", "description", "status", "createdAt") VALUES (13, 'sys_message_status', '系统消息状态', '', 1, '2026-03-23 01:26:40.823531');
INSERT INTO "sys_dict" ("id", "code", "name", "description", "status", "createdAt") VALUES (14, 'sys_file_module', '系统文件模块', '系统文件管理的模块类型', 1, '2026-03-26 22:51:56.637327');
INSERT INTO "sys_dict" ("id", "code", "name", "description", "status", "createdAt") VALUES (15, 'sys_file_type', '系统文件类型', '', 1, '2026-03-26 23:02:17.046873');

DROP TABLE IF EXISTS "sys_dict_data";
CREATE TABLE "sys_dict_data" ("id" integer PRIMARY KEY AUTOINCREMENT NOT NULL, "name" varchar(200) NOT NULL, "value" varchar(200) NOT NULL, "description" varchar(200), "sort" integer NOT NULL DEFAULT (0), "status" boolean NOT NULL DEFAULT (1), "updatedBy" varchar(200), "createdBy" varchar(200), "updatedAt" datetime, "createdAt" datetime NOT NULL DEFAULT (datetime('now')), "parentId" integer NOT NULL, "dictId" integer, "tagType" varchar(50) NOT NULL DEFAULT ('default'), CONSTRAINT "UQ_sys_dict_data_parentId_value" UNIQUE ("parentId", "value"));
INSERT INTO "sys_dict_data" ("id", "name", "value", "description", "sort", "status", "updatedBy", "createdBy", "updatedAt", "createdAt", "parentId", "dictId", "tagType") VALUES (11, '已读', '1', '', 0, 1, NULL, NULL, NULL, '2026-03-23 01:27:14.569805', 13, NULL, 'default');
INSERT INTO "sys_dict_data" ("id", "name", "value", "description", "sort", "status", "updatedBy", "createdBy", "updatedAt", "createdAt", "parentId", "dictId", "tagType") VALUES (12, '未读', '0', '', 0, 1, NULL, NULL, NULL, '2026-03-23 01:27:24.862517', 13, NULL, 'default');
INSERT INTO "sys_dict_data" ("id", "name", "value", "description", "sort", "status", "updatedBy", "createdBy", "updatedAt", "createdAt", "parentId", "dictId", "tagType") VALUES (15, '通知', '1', '', 0, 1, NULL, NULL, NULL, '2026-03-23 01:32:32.850482', 12, NULL, 'warning_light');
INSERT INTO "sys_dict_data" ("id", "name", "value", "description", "sort", "status", "updatedBy", "createdBy", "updatedAt", "createdAt", "parentId", "dictId", "tagType") VALUES (16, '消息', '2', '', 0, 1, NULL, NULL, NULL, '2026-03-23 01:32:42.189063', 12, NULL, 'info_light');
INSERT INTO "sys_dict_data" ("id", "name", "value", "description", "sort", "status", "updatedBy", "createdBy", "updatedAt", "createdAt", "parentId", "dictId", "tagType") VALUES (18, '管理人员头像', 'admin_user_avatar', '', 0, 1, NULL, NULL, NULL, '2026-03-26 22:56:16.158440', 14, NULL, 'warning_light');
INSERT INTO "sys_dict_data" ("id", "name", "value", "description", "sort", "status", "updatedBy", "createdBy", "updatedAt", "createdAt", "parentId", "dictId", "tagType") VALUES (19, '图片(png)', 'png', '', 0, 1, NULL, NULL, NULL, '2026-03-26 23:02:39.379520', 15, NULL, 'default');
INSERT INTO "sys_dict_data" ("id", "name", "value", "description", "sort", "status", "updatedBy", "createdBy", "updatedAt", "createdAt", "parentId", "dictId", "tagType") VALUES (20, '图片(jpg)', 'jpg', '', 0, 1, NULL, NULL, NULL, '2026-03-26 23:02:48.719533', 15, NULL, 'default');
INSERT INTO "sys_dict_data" ("id", "name", "value", "description", "sort", "status", "updatedBy", "createdBy", "updatedAt", "createdAt", "parentId", "dictId", "tagType") VALUES (21, '视频(mp4)', 'mp4', '', 0, 1, NULL, NULL, NULL, '2026-03-26 23:03:00.088220', 15, NULL, 'default');
INSERT INTO "sys_dict_data" ("id", "name", "value", "description", "sort", "status", "updatedBy", "createdBy", "updatedAt", "createdAt", "parentId", "dictId", "tagType") VALUES (22, '音频(mp3)', 'mp3', '', 0, 1, NULL, NULL, NULL, '2026-03-26 23:03:09.559793', 15, NULL, 'default');
INSERT INTO "sys_dict_data" ("id", "name", "value", "description", "sort", "status", "updatedBy", "createdBy", "updatedAt", "createdAt", "parentId", "dictId", "tagType") VALUES (23, '音频(wav)', 'wav', '', 0, 1, NULL, NULL, NULL, '2026-03-26 23:03:16.623210', 15, NULL, 'default');
INSERT INTO "sys_dict_data" ("id", "name", "value", "description", "sort", "status", "updatedBy", "createdBy", "updatedAt", "createdAt", "parentId", "dictId", "tagType") VALUES (24, '压缩包(zip)', 'zip', '', 0, 1, NULL, NULL, NULL, '2026-03-26 23:03:37.135255', 15, NULL, 'default');
INSERT INTO "sys_dict_data" ("id", "name", "value", "description", "sort", "status", "updatedBy", "createdBy", "updatedAt", "createdAt", "parentId", "dictId", "tagType") VALUES (25, '压缩包(7z)', '7z', '', 0, 1, NULL, NULL, NULL, '2026-03-26 23:03:47.208649', 15, NULL, 'default');
INSERT INTO "sys_dict_data" ("id", "name", "value", "description", "sort", "status", "updatedBy", "createdBy", "updatedAt", "createdAt", "parentId", "dictId", "tagType") VALUES (26, '其他图片', 'other_img', '', 0, 1, NULL, NULL, NULL, '2026-03-26 23:07:48.664230', 14, NULL, 'default');
INSERT INTO "sys_dict_data" ("id", "name", "value", "description", "sort", "status", "updatedBy", "createdBy", "updatedAt", "createdAt", "parentId", "dictId", "tagType") VALUES (27, '其他视频', 'other_video', '', 0, 1, NULL, NULL, NULL, '2026-03-26 23:08:12.259981', 14, NULL, 'default');
INSERT INTO "sys_dict_data" ("id", "name", "value", "description", "sort", "status", "updatedBy", "createdBy", "updatedAt", "createdAt", "parentId", "dictId", "tagType") VALUES (28, '其他文件', 'other_file', '', 0, 1, NULL, NULL, NULL, '2026-03-27 09:50:49.806499', 14, NULL, 'default');

DROP TABLE IF EXISTS "sys_file";
CREATE TABLE "sys_file" ("id" integer PRIMARY KEY AUTOINCREMENT NOT NULL, "fileName" varchar(255) NOT NULL, "filePath" varchar(500) NOT NULL, "fileType" varchar(100) NOT NULL, "fileSize" bigint NOT NULL, "fileHash" varchar(100), "uploadUserId" integer, "uploadUserName" varchar(100), "module" varchar(50) NOT NULL, "isActive" boolean NOT NULL DEFAULT (1), "created_at" datetime NOT NULL DEFAULT (datetime('now')), "updated_at" datetime NOT NULL DEFAULT (datetime('now')), "deleted_at" datetime);
INSERT INTO "sys_file" ("id", "fileName", "filePath", "fileType", "fileSize", "fileHash", "uploadUserId", "uploadUserName", "module", "isActive", "created_at", "updated_at", "deleted_at") VALUES (1, 'NestAdminXo.png', '/uploads/2026/03/26/4fd8af7bd8669122a5425e001b2e5f55.png', 'png', 164623, '4fd8af7bd8669122a5425e001b2e5f55', NULL, NULL, 'admin_user_avatar', 0, '2026-03-26 22:59:22.239318', '2026-03-28 23:40:46.000000', '2026-03-28 23:40:46.453000');
INSERT INTO "sys_file" ("id", "fileName", "filePath", "fileType", "fileSize", "fileHash", "uploadUserId", "uploadUserName", "module", "isActive", "created_at", "updated_at", "deleted_at") VALUES (2, 'mda-pc5afsea17fqtidj.mp4', '/uploads/2026/03/26/fb7e66a371abdd29c17c0892e4b2c10b.mp4', 'mp4', 7326237, 'fb7e66a371abdd29c17c0892e4b2c10b', NULL, NULL, 'other_video', 0, '2026-03-26 23:08:52.087016', '2026-03-28 23:40:15.000000', '2026-03-28 23:40:15.914000');
INSERT INTO "sys_file" ("id", "fileName", "filePath", "fileType", "fileSize", "fileHash", "uploadUserId", "uploadUserName", "module", "isActive", "created_at", "updated_at", "deleted_at") VALUES (4, 'avatar_2.png', '/uploads/2026/03/27/da6157ed3fe6f1a8d9535bdab7345678.png', 'png', 210300, 'da6157ed3fe6f1a8d9535bdab7345678', NULL, NULL, 'admin_user_avatar', 1, '2026-03-27 00:03:17.417534', '2026-03-27 00:03:17.417534', NULL);
INSERT INTO "sys_file" ("id", "fileName", "filePath", "fileType", "fileSize", "fileHash", "uploadUserId", "uploadUserName", "module", "isActive", "created_at", "updated_at", "deleted_at") VALUES (5, 'hx.png', '/uploads/2026/03/27/1a45a1eb328c7e6e12905631fde1a366.png', 'png', 124570, '1a45a1eb328c7e6e12905631fde1a366', NULL, NULL, 'other_img', 0, '2026-03-27 00:09:02.727789', '2026-03-28 23:40:24.000000', '2026-03-28 23:40:24.365000');
INSERT INTO "sys_file" ("id", "fileName", "filePath", "fileType", "fileSize", "fileHash", "uploadUserId", "uploadUserName", "module", "isActive", "created_at", "updated_at", "deleted_at") VALUES (7, 'avatar_2.png', '/uploads/2026/03/27/7682d33c3ad0edc7e9fe6e48c7e521c5.png', 'png', 477876, '7682d33c3ad0edc7e9fe6e48c7e521c5', NULL, NULL, 'admin_user_avatar', 1, '2026-03-27 00:21:44.520577', '2026-03-27 00:21:44.520577', NULL);

DROP TABLE IF EXISTS "sys_menu";
CREATE TABLE "sys_menu" ("id" integer PRIMARY KEY AUTOINCREMENT NOT NULL, "parentId" integer NOT NULL DEFAULT (0), "menuType" integer NOT NULL, "title" varchar(100) NOT NULL, "name" varchar(100) NOT NULL, "path" varchar(200), "component" varchar(200) NOT NULL DEFAULT (''), "rank" integer, "redirect" varchar(200) NOT NULL DEFAULT (''), "icon" varchar(100) NOT NULL DEFAULT (''), "extraIcon" varchar(100) NOT NULL DEFAULT (''), "enterTransition" varchar(100) NOT NULL DEFAULT (''), "leaveTransition" varchar(100) NOT NULL DEFAULT (''), "activePath" varchar(200) NOT NULL DEFAULT (''), "frameSrc" varchar(500) NOT NULL DEFAULT (''), "frameLoading" boolean NOT NULL DEFAULT (1), "keepAlive" boolean NOT NULL DEFAULT (0), "hiddenTag" boolean NOT NULL DEFAULT (0), "fixedTag" boolean NOT NULL DEFAULT (0), "showLink" boolean NOT NULL DEFAULT (1), "showParent" boolean NOT NULL DEFAULT (0), "auths" varchar(500) NOT NULL);
INSERT INTO "sys_menu" ("id", "parentId", "menuType", "title", "name", "path", "component", "rank", "redirect", "icon", "extraIcon", "enterTransition", "leaveTransition", "activePath", "frameSrc", "frameLoading", "keepAlive", "hiddenTag", "fixedTag", "showLink", "showParent", "auths") VALUES (1, 0, 0, '系统管理', 'System', '/system', '', 99, '', 'ri:settings-3-fill', '', '', '', '', '', 1, 0, 0, 0, 1, 0, '');
INSERT INTO "sys_menu" ("id", "parentId", "menuType", "title", "name", "path", "component", "rank", "redirect", "icon", "extraIcon", "enterTransition", "leaveTransition", "activePath", "frameSrc", "frameLoading", "keepAlive", "hiddenTag", "fixedTag", "showLink", "showParent", "auths") VALUES (2, 1, 0, '菜单管理', 'SystemMenu', 'menu', 'system/menu/index', 99, '', 'ep:menu', '', '', '', '', '', 1, 1, 0, 0, 1, 1, '');
INSERT INTO "sys_menu" ("id", "parentId", "menuType", "title", "name", "path", "component", "rank", "redirect", "icon", "extraIcon", "enterTransition", "leaveTransition", "activePath", "frameSrc", "frameLoading", "keepAlive", "hiddenTag", "fixedTag", "showLink", "showParent", "auths") VALUES (10, 1, 0, '字典管理', 'SystemDict', 'dict', 'system/dict/index', 2, '', 'ri:book-3-fill', '', '', '', '', '', 1, 1, 0, 0, 1, 1, '');
INSERT INTO "sys_menu" ("id", "parentId", "menuType", "title", "name", "path", "component", "rank", "redirect", "icon", "extraIcon", "enterTransition", "leaveTransition", "activePath", "frameSrc", "frameLoading", "keepAlive", "hiddenTag", "fixedTag", "showLink", "showParent", "auths") VALUES (11, 1, 0, '管理人员', 'SystemUser', 'user', 'system/user/index', 1, '', 'ri:folder-user-fill', '', '', '', '', '', 1, 1, 0, 0, 1, 1, '');
INSERT INTO "sys_menu" ("id", "parentId", "menuType", "title", "name", "path", "component", "rank", "redirect", "icon", "extraIcon", "enterTransition", "leaveTransition", "activePath", "frameSrc", "frameLoading", "keepAlive", "hiddenTag", "fixedTag", "showLink", "showParent", "auths") VALUES (16, 2, 3, '新增', '', '', '', 99, '', '', '', '', '', '', '', 1, 0, 0, 0, 1, 0, 'menu:btn:add');
INSERT INTO "sys_menu" ("id", "parentId", "menuType", "title", "name", "path", "component", "rank", "redirect", "icon", "extraIcon", "enterTransition", "leaveTransition", "activePath", "frameSrc", "frameLoading", "keepAlive", "hiddenTag", "fixedTag", "showLink", "showParent", "auths") VALUES (18, 2, 3, '修改', '', '', '', 99, '', '', '', '', '', '', '', 1, 0, 0, 0, 1, 0, 'menu:btn:update');
INSERT INTO "sys_menu" ("id", "parentId", "menuType", "title", "name", "path", "component", "rank", "redirect", "icon", "extraIcon", "enterTransition", "leaveTransition", "activePath", "frameSrc", "frameLoading", "keepAlive", "hiddenTag", "fixedTag", "showLink", "showParent", "auths") VALUES (19, 2, 3, '删除', '', '', '', 99, '', '', '', '', '', '', '', 1, 0, 0, 0, 1, 0, 'menu:btn:delete');
INSERT INTO "sys_menu" ("id", "parentId", "menuType", "title", "name", "path", "component", "rank", "redirect", "icon", "extraIcon", "enterTransition", "leaveTransition", "activePath", "frameSrc", "frameLoading", "keepAlive", "hiddenTag", "fixedTag", "showLink", "showParent", "auths") VALUES (20, 1, 0, '角色管理', 'SystemRole', 'role', 'system/role/index', 3, '', 'ri:user-settings-fill', '', '', '', '', '', 1, 1, 0, 0, 1, 0, '');
INSERT INTO "sys_menu" ("id", "parentId", "menuType", "title", "name", "path", "component", "rank", "redirect", "icon", "extraIcon", "enterTransition", "leaveTransition", "activePath", "frameSrc", "frameLoading", "keepAlive", "hiddenTag", "fixedTag", "showLink", "showParent", "auths") VALUES (23, 23, 0, '管理列表', 'Campus', '/list', 'campus/index', 1, '', 'fa-solid:address-book', '', '', '', '', '', 1, 1, 0, 0, 1, 0, '');
INSERT INTO "sys_menu" ("id", "parentId", "menuType", "title", "name", "path", "component", "rank", "redirect", "icon", "extraIcon", "enterTransition", "leaveTransition", "activePath", "frameSrc", "frameLoading", "keepAlive", "hiddenTag", "fixedTag", "showLink", "showParent", "auths") VALUES (26, 0, 0, '系统工具', 'SystemTools', '/system-tools', '', 99, '', 'ri:tools-fill', '', '', '', '', '', 1, 0, 0, 0, 1, 0, '');
INSERT INTO "sys_menu" ("id", "parentId", "menuType", "title", "name", "path", "component", "rank", "redirect", "icon", "extraIcon", "enterTransition", "leaveTransition", "activePath", "frameSrc", "frameLoading", "keepAlive", "hiddenTag", "fixedTag", "showLink", "showParent", "auths") VALUES (27, 26, 1, '表单生成', 'FormBuilder', '/form-builder', '', 99, '', 'lets-icons:form', '', '', '', '', 'http://120.92.142.115:81/vform3pro/', 1, 1, 0, 0, 1, 1, '');
INSERT INTO "sys_menu" ("id", "parentId", "menuType", "title", "name", "path", "component", "rank", "redirect", "icon", "extraIcon", "enterTransition", "leaveTransition", "activePath", "frameSrc", "frameLoading", "keepAlive", "hiddenTag", "fixedTag", "showLink", "showParent", "auths") VALUES (28, 26, 1, 'PPT', 'Ppt', '/ppt', '', 99, '', 'ri:file-ppt-2-fill', '', '', '', '', 'https://pipipi-pikachu.github.io/PPTist/', 1, 1, 0, 0, 1, 1, '');
INSERT INTO "sys_menu" ("id", "parentId", "menuType", "title", "name", "path", "component", "rank", "redirect", "icon", "extraIcon", "enterTransition", "leaveTransition", "activePath", "frameSrc", "frameLoading", "keepAlive", "hiddenTag", "fixedTag", "showLink", "showParent", "auths") VALUES (29, 26, 0, '实体类生成', 'SystemGeneratorEntity', '/generator-entity', 'system/generator/entity', 99, '', 'ri:table-2', '', '', '', '', '', 1, 1, 0, 0, 1, 1, '');
INSERT INTO "sys_menu" ("id", "parentId", "menuType", "title", "name", "path", "component", "rank", "redirect", "icon", "extraIcon", "enterTransition", "leaveTransition", "activePath", "frameSrc", "frameLoading", "keepAlive", "hiddenTag", "fixedTag", "showLink", "showParent", "auths") VALUES (30, 1, 0, '消息管理', 'SystemMessage', 'message', 'system/message/index', 4, '', 'ri:message-3-fill', '', '', '', '', '', 1, 1, 0, 0, 1, 1, '');
INSERT INTO "sys_menu" ("id", "parentId", "menuType", "title", "name", "path", "component", "rank", "redirect", "icon", "extraIcon", "enterTransition", "leaveTransition", "activePath", "frameSrc", "frameLoading", "keepAlive", "hiddenTag", "fixedTag", "showLink", "showParent", "auths") VALUES (31, 26, 0, '代码生成', 'SystemGeneratorIndex', '/system-generator', 'system/generator/index', 99, '', 'ri:code-box-line', '', '', '', '', '', 1, 1, 0, 0, 1, 1, '');
INSERT INTO "sys_menu" ("id", "parentId", "menuType", "title", "name", "path", "component", "rank", "redirect", "icon", "extraIcon", "enterTransition", "leaveTransition", "activePath", "frameSrc", "frameLoading", "keepAlive", "hiddenTag", "fixedTag", "showLink", "showParent", "auths") VALUES (32, 2, 3, '查看', '', '', '', 98, '', '', '', '', '', '', '', 1, 0, 0, 0, 1, 0, 'menu:list');
INSERT INTO "sys_menu" ("id", "parentId", "menuType", "title", "name", "path", "component", "rank", "redirect", "icon", "extraIcon", "enterTransition", "leaveTransition", "activePath", "frameSrc", "frameLoading", "keepAlive", "hiddenTag", "fixedTag", "showLink", "showParent", "auths") VALUES (33, 10, 3, '查看', '', '', '', 99, '', '', '', '', '', '', '', 1, 0, 0, 0, 1, 0, 'dict:list');
INSERT INTO "sys_menu" ("id", "parentId", "menuType", "title", "name", "path", "component", "rank", "redirect", "icon", "extraIcon", "enterTransition", "leaveTransition", "activePath", "frameSrc", "frameLoading", "keepAlive", "hiddenTag", "fixedTag", "showLink", "showParent", "auths") VALUES (34, 10, 3, '新增', '', '', '', 99, '', '', '', '', '', '', '', 1, 0, 0, 0, 1, 0, 'dict:btn:add');
INSERT INTO "sys_menu" ("id", "parentId", "menuType", "title", "name", "path", "component", "rank", "redirect", "icon", "extraIcon", "enterTransition", "leaveTransition", "activePath", "frameSrc", "frameLoading", "keepAlive", "hiddenTag", "fixedTag", "showLink", "showParent", "auths") VALUES (35, 10, 3, '修改', '', '', '', 99, '', '', '', '', '', '', '', 1, 0, 0, 0, 1, 0, 'dict:btn:update');
INSERT INTO "sys_menu" ("id", "parentId", "menuType", "title", "name", "path", "component", "rank", "redirect", "icon", "extraIcon", "enterTransition", "leaveTransition", "activePath", "frameSrc", "frameLoading", "keepAlive", "hiddenTag", "fixedTag", "showLink", "showParent", "auths") VALUES (36, 10, 3, '删除', '', '', '', 99, '', '', '', '', '', '', '', 1, 0, 0, 0, 1, 0, 'dict:btn:delete');
INSERT INTO "sys_menu" ("id", "parentId", "menuType", "title", "name", "path", "component", "rank", "redirect", "icon", "extraIcon", "enterTransition", "leaveTransition", "activePath", "frameSrc", "frameLoading", "keepAlive", "hiddenTag", "fixedTag", "showLink", "showParent", "auths") VALUES (37, 1, 0, '计划任务', 'SystemTasks', 'tasks', 'system/tasks/index', 5, '', 'svg-spinners:clock', '', '', '', '', '', 1, 1, 0, 0, 1, 1, '');
INSERT INTO "sys_menu" ("id", "parentId", "menuType", "title", "name", "path", "component", "rank", "redirect", "icon", "extraIcon", "enterTransition", "leaveTransition", "activePath", "frameSrc", "frameLoading", "keepAlive", "hiddenTag", "fixedTag", "showLink", "showParent", "auths") VALUES (38, 1, 0, '文件管理', 'SystemFile', 'file', 'system/file/index', 6, '', 'lets-icons:folder-file-alt-duotone-fill', '', '', '', '', '', 1, 1, 0, 0, 1, 1, '');
INSERT INTO "sys_menu" ("id", "parentId", "menuType", "title", "name", "path", "component", "rank", "redirect", "icon", "extraIcon", "enterTransition", "leaveTransition", "activePath", "frameSrc", "frameLoading", "keepAlive", "hiddenTag", "fixedTag", "showLink", "showParent", "auths") VALUES (39, 0, 0, '系统监控', 'monitoring', '/monitoring', '', 99, '', 'line-md:monitor-screenshot-twotone', '', '', '', '', '', 1, 1, 0, 0, 1, 1, '');
INSERT INTO "sys_menu" ("id", "parentId", "menuType", "title", "name", "path", "component", "rank", "redirect", "icon", "extraIcon", "enterTransition", "leaveTransition", "activePath", "frameSrc", "frameLoading", "keepAlive", "hiddenTag", "fixedTag", "showLink", "showParent", "auths") VALUES (40, 39, 0, '在线用户', 'OnlineUser', 'onlineUser', 'system/user/onlineUser', 99, '', 'ri:user-search-fill', '', '', '', '', '', 1, 1, 0, 0, 1, 1, '');
INSERT INTO "sys_menu" ("id", "parentId", "menuType", "title", "name", "path", "component", "rank", "redirect", "icon", "extraIcon", "enterTransition", "leaveTransition", "activePath", "frameSrc", "frameLoading", "keepAlive", "hiddenTag", "fixedTag", "showLink", "showParent", "auths") VALUES (41, 11, 3, '查看', '', '', '', 99, '', '', '', '', '', '', '', 1, 0, 0, 0, 1, 0, 'user:list');
INSERT INTO "sys_menu" ("id", "parentId", "menuType", "title", "name", "path", "component", "rank", "redirect", "icon", "extraIcon", "enterTransition", "leaveTransition", "activePath", "frameSrc", "frameLoading", "keepAlive", "hiddenTag", "fixedTag", "showLink", "showParent", "auths") VALUES (42, 11, 3, '添加', '', '', '', 99, '', '', '', '', '', '', '', 1, 0, 0, 0, 1, 0, 'user:btn:add');
INSERT INTO "sys_menu" ("id", "parentId", "menuType", "title", "name", "path", "component", "rank", "redirect", "icon", "extraIcon", "enterTransition", "leaveTransition", "activePath", "frameSrc", "frameLoading", "keepAlive", "hiddenTag", "fixedTag", "showLink", "showParent", "auths") VALUES (43, 11, 3, '修改', '', '', '', 99, '', '', '', '', '', '', '', 1, 0, 0, 0, 1, 0, 'user:btn:update');
INSERT INTO "sys_menu" ("id", "parentId", "menuType", "title", "name", "path", "component", "rank", "redirect", "icon", "extraIcon", "enterTransition", "leaveTransition", "activePath", "frameSrc", "frameLoading", "keepAlive", "hiddenTag", "fixedTag", "showLink", "showParent", "auths") VALUES (44, 11, 3, '删除', '', '', '', 99, '', '', '', '', '', '', '', 1, 0, 0, 0, 1, 0, 'user:btn:delete');
INSERT INTO "sys_menu" ("id", "parentId", "menuType", "title", "name", "path", "component", "rank", "redirect", "icon", "extraIcon", "enterTransition", "leaveTransition", "activePath", "frameSrc", "frameLoading", "keepAlive", "hiddenTag", "fixedTag", "showLink", "showParent", "auths") VALUES (45, 11, 3, '分配角色', '', '', '', 99, '', '', '', '', '', '', '', 1, 0, 0, 0, 1, 0, 'user:btn:assignRole');
INSERT INTO "sys_menu" ("id", "parentId", "menuType", "title", "name", "path", "component", "rank", "redirect", "icon", "extraIcon", "enterTransition", "leaveTransition", "activePath", "frameSrc", "frameLoading", "keepAlive", "hiddenTag", "fixedTag", "showLink", "showParent", "auths") VALUES (46, 11, 3, '修改密码', '', '', '', 99, '', '', '', '', '', '', '', 1, 0, 0, 0, 1, 0, 'user:btn:resetPassword');
INSERT INTO "sys_menu" ("id", "parentId", "menuType", "title", "name", "path", "component", "rank", "redirect", "icon", "extraIcon", "enterTransition", "leaveTransition", "activePath", "frameSrc", "frameLoading", "keepAlive", "hiddenTag", "fixedTag", "showLink", "showParent", "auths") VALUES (47, 40, 3, '查看', '', '', '', 99, '', '', '', '', '', '', '', 1, 0, 0, 0, 1, 0, 'user:online:list');
INSERT INTO "sys_menu" ("id", "parentId", "menuType", "title", "name", "path", "component", "rank", "redirect", "icon", "extraIcon", "enterTransition", "leaveTransition", "activePath", "frameSrc", "frameLoading", "keepAlive", "hiddenTag", "fixedTag", "showLink", "showParent", "auths") VALUES (48, 40, 3, '删除', '', '', '', 99, '', '', '', '', '', '', '', 1, 0, 0, 0, 1, 0, 'user:online:delete');
INSERT INTO "sys_menu" ("id", "parentId", "menuType", "title", "name", "path", "component", "rank", "redirect", "icon", "extraIcon", "enterTransition", "leaveTransition", "activePath", "frameSrc", "frameLoading", "keepAlive", "hiddenTag", "fixedTag", "showLink", "showParent", "auths") VALUES (49, 20, 3, '查看', '', '', '', 99, '', '', '', '', '', '', '', 1, 0, 0, 0, 1, 0, 'role:list');
INSERT INTO "sys_menu" ("id", "parentId", "menuType", "title", "name", "path", "component", "rank", "redirect", "icon", "extraIcon", "enterTransition", "leaveTransition", "activePath", "frameSrc", "frameLoading", "keepAlive", "hiddenTag", "fixedTag", "showLink", "showParent", "auths") VALUES (50, 20, 3, '新增', '', '', '', 99, '', '', '', '', '', '', '', 1, 0, 0, 0, 1, 0, 'role:btn:add');
INSERT INTO "sys_menu" ("id", "parentId", "menuType", "title", "name", "path", "component", "rank", "redirect", "icon", "extraIcon", "enterTransition", "leaveTransition", "activePath", "frameSrc", "frameLoading", "keepAlive", "hiddenTag", "fixedTag", "showLink", "showParent", "auths") VALUES (51, 20, 3, '修改', '', '', '', 99, '', '', '', '', '', '', '', 1, 0, 0, 0, 1, 0, 'role:btn:update');
INSERT INTO "sys_menu" ("id", "parentId", "menuType", "title", "name", "path", "component", "rank", "redirect", "icon", "extraIcon", "enterTransition", "leaveTransition", "activePath", "frameSrc", "frameLoading", "keepAlive", "hiddenTag", "fixedTag", "showLink", "showParent", "auths") VALUES (52, 20, 3, '删除', '', '', '', 99, '', '', '', '', '', '', '', 1, 0, 0, 0, 1, 0, 'role:btn:delete');
INSERT INTO "sys_menu" ("id", "parentId", "menuType", "title", "name", "path", "component", "rank", "redirect", "icon", "extraIcon", "enterTransition", "leaveTransition", "activePath", "frameSrc", "frameLoading", "keepAlive", "hiddenTag", "fixedTag", "showLink", "showParent", "auths") VALUES (53, 38, 3, '查看', '', '', '', 99, '', '', '', '', '', '', '', 1, 0, 0, 0, 1, 0, 'file:list');
INSERT INTO "sys_menu" ("id", "parentId", "menuType", "title", "name", "path", "component", "rank", "redirect", "icon", "extraIcon", "enterTransition", "leaveTransition", "activePath", "frameSrc", "frameLoading", "keepAlive", "hiddenTag", "fixedTag", "showLink", "showParent", "auths") VALUES (54, 38, 3, '上传', '', '', '', 99, '', '', '', '', '', '', '', 1, 0, 0, 0, 1, 0, 'file:btn:upload');
INSERT INTO "sys_menu" ("id", "parentId", "menuType", "title", "name", "path", "component", "rank", "redirect", "icon", "extraIcon", "enterTransition", "leaveTransition", "activePath", "frameSrc", "frameLoading", "keepAlive", "hiddenTag", "fixedTag", "showLink", "showParent", "auths") VALUES (55, 38, 3, '删除', '', '', '', 99, '', '', '', '', '', '', '', 1, 0, 0, 0, 1, 0, 'file:btn:delete');
INSERT INTO "sys_menu" ("id", "parentId", "menuType", "title", "name", "path", "component", "rank", "redirect", "icon", "extraIcon", "enterTransition", "leaveTransition", "activePath", "frameSrc", "frameLoading", "keepAlive", "hiddenTag", "fixedTag", "showLink", "showParent", "auths") VALUES (56, 37, 3, '查看', '', '', '', 99, '', '', '', '', '', '', '', 1, 0, 0, 0, 1, 0, 'tasks:list');
INSERT INTO "sys_menu" ("id", "parentId", "menuType", "title", "name", "path", "component", "rank", "redirect", "icon", "extraIcon", "enterTransition", "leaveTransition", "activePath", "frameSrc", "frameLoading", "keepAlive", "hiddenTag", "fixedTag", "showLink", "showParent", "auths") VALUES (57, 37, 3, '执行', '', '', '', 99, '', '', '', '', '', '', '', 1, 0, 0, 0, 1, 0, 'tasks:btn:execute');
INSERT INTO "sys_menu" ("id", "parentId", "menuType", "title", "name", "path", "component", "rank", "redirect", "icon", "extraIcon", "enterTransition", "leaveTransition", "activePath", "frameSrc", "frameLoading", "keepAlive", "hiddenTag", "fixedTag", "showLink", "showParent", "auths") VALUES (58, 37, 3, '更新', '', '', '', 99, '', '', '', '', '', '', '', 1, 0, 0, 0, 1, 0, 'tasks:btn:update');
INSERT INTO "sys_menu" ("id", "parentId", "menuType", "title", "name", "path", "component", "rank", "redirect", "icon", "extraIcon", "enterTransition", "leaveTransition", "activePath", "frameSrc", "frameLoading", "keepAlive", "hiddenTag", "fixedTag", "showLink", "showParent", "auths") VALUES (59, 37, 3, '删除', '', '', '', 99, '', '', '', '', '', '', '', 1, 0, 0, 0, 1, 0, 'tasks:btn:delete');
INSERT INTO "sys_menu" ("id", "parentId", "menuType", "title", "name", "path", "component", "rank", "redirect", "icon", "extraIcon", "enterTransition", "leaveTransition", "activePath", "frameSrc", "frameLoading", "keepAlive", "hiddenTag", "fixedTag", "showLink", "showParent", "auths") VALUES (60, 30, 3, '查看', '', '', '', 99, '', '', '', '', '', '', '', 1, 0, 0, 0, 1, 0, 'message:list');
INSERT INTO "sys_menu" ("id", "parentId", "menuType", "title", "name", "path", "component", "rank", "redirect", "icon", "extraIcon", "enterTransition", "leaveTransition", "activePath", "frameSrc", "frameLoading", "keepAlive", "hiddenTag", "fixedTag", "showLink", "showParent", "auths") VALUES (61, 30, 3, '新增', '', '', '', 99, '', '', '', '', '', '', '', 1, 0, 0, 0, 1, 0, 'message:btn:add');
INSERT INTO "sys_menu" ("id", "parentId", "menuType", "title", "name", "path", "component", "rank", "redirect", "icon", "extraIcon", "enterTransition", "leaveTransition", "activePath", "frameSrc", "frameLoading", "keepAlive", "hiddenTag", "fixedTag", "showLink", "showParent", "auths") VALUES (62, 30, 3, '修改', '', '', '', 99, '', '', '', '', '', '', '', 1, 0, 0, 0, 1, 0, 'message:btn:update');
INSERT INTO "sys_menu" ("id", "parentId", "menuType", "title", "name", "path", "component", "rank", "redirect", "icon", "extraIcon", "enterTransition", "leaveTransition", "activePath", "frameSrc", "frameLoading", "keepAlive", "hiddenTag", "fixedTag", "showLink", "showParent", "auths") VALUES (63, 30, 3, '删除', '', '', '', 99, '', '', '', '', '', '', '', 1, 0, 0, 0, 1, 0, 'message:btn:delete');
INSERT INTO "sys_menu" ("id", "parentId", "menuType", "title", "name", "path", "component", "rank", "redirect", "icon", "extraIcon", "enterTransition", "leaveTransition", "activePath", "frameSrc", "frameLoading", "keepAlive", "hiddenTag", "fixedTag", "showLink", "showParent", "auths") VALUES (64, 31, 3, '查看', '', '', '', 99, '', '', '', '', '', '', '', 1, 0, 0, 0, 1, 0, 'generator:list');
INSERT INTO "sys_menu" ("id", "parentId", "menuType", "title", "name", "path", "component", "rank", "redirect", "icon", "extraIcon", "enterTransition", "leaveTransition", "activePath", "frameSrc", "frameLoading", "keepAlive", "hiddenTag", "fixedTag", "showLink", "showParent", "auths") VALUES (65, 31, 3, '保存', '', '', '', 99, '', '', '', '', '', '', '', 1, 0, 0, 0, 1, 0, 'generator:btn:save');
INSERT INTO "sys_menu" ("id", "parentId", "menuType", "title", "name", "path", "component", "rank", "redirect", "icon", "extraIcon", "enterTransition", "leaveTransition", "activePath", "frameSrc", "frameLoading", "keepAlive", "hiddenTag", "fixedTag", "showLink", "showParent", "auths") VALUES (66, 31, 3, '预览/生成', '', '', '', 99, '', '', '', '', '', '', '', 1, 0, 0, 0, 1, 0, 'generator:btn:generate');
INSERT INTO "sys_menu" ("id", "parentId", "menuType", "title", "name", "path", "component", "rank", "redirect", "icon", "extraIcon", "enterTransition", "leaveTransition", "activePath", "frameSrc", "frameLoading", "keepAlive", "hiddenTag", "fixedTag", "showLink", "showParent", "auths") VALUES (67, 29, 3, '生成', '', '', '', 99, '', '', '', '', '', '', '', 1, 0, 0, 0, 1, 0, 'generate:typeorm:generate');

DROP TABLE IF EXISTS "sys_message";
CREATE TABLE "sys_message" ("id" integer PRIMARY KEY AUTOINCREMENT NOT NULL, "user_id" integer NOT NULL, "type" integer NOT NULL, "status" boolean NOT NULL, "title" varchar(255) NOT NULL, "content" text NOT NULL, "redirect_url" varchar(255), "read_at" datetime, "created_at" datetime NOT NULL DEFAULT (datetime('now')), "deleted_at" datetime, "send_batch_id" varchar(36));
INSERT INTO "sys_message" ("id", "user_id", "type", "status", "title", "content", "redirect_url", "read_at", "created_at", "deleted_at", "send_batch_id") VALUES (1, 1, 1, 1, '标题', '内容', NULL, '2026-03-23 01:39:31', '2026-03-23 01:34:38.674710', '2026-03-23 01:46:23.000000', '5ee5e716-3d78-4b78-8720-af4be52fcdae');
INSERT INTO "sys_message" ("id", "user_id", "type", "status", "title", "content", "redirect_url", "read_at", "created_at", "deleted_at", "send_batch_id") VALUES (2, 2, 1, 0, '标题', '内容', NULL, NULL, '2026-03-23 01:34:38.680626', '2026-03-23 01:46:25.000000', '5ee5e716-3d78-4b78-8720-af4be52fcdae');
INSERT INTO "sys_message" ("id", "user_id", "type", "status", "title", "content", "redirect_url", "read_at", "created_at", "deleted_at", "send_batch_id") VALUES (3, 1, 1, 1, '标题测试', '<p><strong>内容萨达萨达萨萨大厦</strong></p><p><span style=\"color: rgb(225, 60, 57); font-size: 22px;\"><strong>啥的啥的sad啊8888</strong></span></p>', NULL, '2026-03-23 01:47:05', '2026-03-23 01:46:50.436707', NULL, 'e9b7a958-39ad-46b3-8363-eaf73d3a083d');
INSERT INTO "sys_message" ("id", "user_id", "type", "status", "title", "content", "redirect_url", "read_at", "created_at", "deleted_at", "send_batch_id") VALUES (4, 2, 1, 1, '标题测试', '<p><strong>内容萨达萨达萨萨大厦</strong></p><p><span style=\"color: rgb(225, 60, 57); font-size: 22px;\"><strong>啥的啥的sad啊</strong></span></p>', NULL, '2026-03-29 12:20:06', '2026-03-23 01:46:50.442058', NULL, 'e9b7a958-39ad-46b3-8363-eaf73d3a083d');
INSERT INTO "sys_message" ("id", "user_id", "type", "status", "title", "content", "redirect_url", "read_at", "created_at", "deleted_at", "send_batch_id") VALUES (5, 1, 1, 1, '测试跳转', '<p>222222</p>', '/monitoring?yoyo=666', '2026-03-29 13:07:29', '2026-03-29 13:07:19.230861', NULL, '2b3c389e-dbc1-41a8-86c0-b002d006947d');

DROP TABLE IF EXISTS "sys_role";
CREATE TABLE "sys_role" ("id" integer PRIMARY KEY AUTOINCREMENT NOT NULL, "name" varchar NOT NULL, "code" varchar NOT NULL, "createdAt" datetime NOT NULL DEFAULT (datetime('now')), "updatedAt" datetime NOT NULL DEFAULT (datetime('now')), "remark" varchar NOT NULL DEFAULT (''), "createdBy" varchar NOT NULL DEFAULT (''), "updatedBy" varchar NOT NULL DEFAULT (''), "status" boolean NOT NULL DEFAULT (1), CONSTRAINT "UQ_800b0bd1b3711b06b1807c86ebd" UNIQUE ("name"), CONSTRAINT "UQ_8108478aca24c7a3e634eeb548f" UNIQUE ("code"));
INSERT INTO "sys_role" ("id", "name", "code", "createdAt", "updatedAt", "remark", "createdBy", "updatedBy", "status") VALUES (1, '管理员', 'admin', '2026-03-13 23:54:25.197101', '2026-03-16 23:54:56.675570', '最高级别的系统管理员', '', '', 1);
INSERT INTO "sys_role" ("id", "name", "code", "createdAt", "updatedAt", "remark", "createdBy", "updatedBy", "status") VALUES (2, '财务', 'finance', '2026-03-16 13:35:41.549806', '2026-03-29 20:23:42.000000', '财务', '', '', 1);

DROP TABLE IF EXISTS "sys_role_menu";
CREATE TABLE "sys_role_menu" ("roleId" integer NOT NULL, "menuId" integer NOT NULL, "createdAt" datetime NOT NULL DEFAULT (datetime('now')), CONSTRAINT "UQ_8569c03c9701d1744232ead257e" UNIQUE ("roleId", "menuId"), CONSTRAINT "FK_bdd82e5f4c2bedda41f89b69ba3" FOREIGN KEY ("roleId") REFERENCES "sys_role" ("id") ON DELETE CASCADE ON UPDATE NO ACTION, CONSTRAINT "FK_7e0fc887979c9dee7a3dbed7eb5" FOREIGN KEY ("menuId") REFERENCES "sys_menu" ("id") ON DELETE CASCADE ON UPDATE NO ACTION, PRIMARY KEY ("roleId", "menuId"));
INSERT INTO "sys_role_menu" ("roleId", "menuId", "createdAt") VALUES (1, 20, '2026-03-16 23:43:40.262546');
INSERT INTO "sys_role_menu" ("roleId", "menuId", "createdAt") VALUES (2, 1, '2026-03-29 20:25:05.938422');
INSERT INTO "sys_role_menu" ("roleId", "menuId", "createdAt") VALUES (2, 10, '2026-03-29 20:25:05.938422');
INSERT INTO "sys_role_menu" ("roleId", "menuId", "createdAt") VALUES (2, 11, '2026-03-29 20:25:05.938422');
INSERT INTO "sys_role_menu" ("roleId", "menuId", "createdAt") VALUES (2, 20, '2026-03-29 20:25:05.938422');
INSERT INTO "sys_role_menu" ("roleId", "menuId", "createdAt") VALUES (2, 30, '2026-03-29 20:25:05.938422');
INSERT INTO "sys_role_menu" ("roleId", "menuId", "createdAt") VALUES (2, 33, '2026-03-29 20:25:05.938422');
INSERT INTO "sys_role_menu" ("roleId", "menuId", "createdAt") VALUES (2, 37, '2026-03-29 20:25:05.938422');
INSERT INTO "sys_role_menu" ("roleId", "menuId", "createdAt") VALUES (2, 38, '2026-03-29 20:25:05.938422');
INSERT INTO "sys_role_menu" ("roleId", "menuId", "createdAt") VALUES (2, 40, '2026-03-29 20:25:05.938422');
INSERT INTO "sys_role_menu" ("roleId", "menuId", "createdAt") VALUES (2, 41, '2026-03-29 20:25:05.938422');
INSERT INTO "sys_role_menu" ("roleId", "menuId", "createdAt") VALUES (2, 47, '2026-03-29 20:25:05.938422');
INSERT INTO "sys_role_menu" ("roleId", "menuId", "createdAt") VALUES (2, 49, '2026-03-29 20:25:05.938422');
INSERT INTO "sys_role_menu" ("roleId", "menuId", "createdAt") VALUES (2, 53, '2026-03-29 20:25:05.938422');
INSERT INTO "sys_role_menu" ("roleId", "menuId", "createdAt") VALUES (2, 56, '2026-03-29 20:25:05.938422');
INSERT INTO "sys_role_menu" ("roleId", "menuId", "createdAt") VALUES (2, 60, '2026-03-29 20:25:05.938422');

DROP TABLE IF EXISTS "sys_task";
CREATE TABLE "sys_task" ("id" integer PRIMARY KEY AUTOINCREMENT NOT NULL, "name" varchar(100) NOT NULL, "description" varchar(200) NOT NULL, "cron" varchar(200) NOT NULL, "params" json, "enabled" boolean NOT NULL DEFAULT (1), "last_execute_time" datetime, "is_manual_execute" boolean NOT NULL DEFAULT (0), "last_execute_status" boolean NOT NULL DEFAULT (2), "task_type" varchar(20) NOT NULL DEFAULT ('cron'), "is_valid" boolean NOT NULL DEFAULT (0), "created_at" datetime NOT NULL DEFAULT (datetime('now')), "updated_at" datetime NOT NULL DEFAULT (datetime('now')));
INSERT INTO "sys_task" ("id", "name", "description", "cron", "params", "enabled", "last_execute_time", "is_manual_execute", "last_execute_status", "task_type", "is_valid", "created_at", "updated_at") VALUES (1, '测试任务', '就是一个测试任务而已', '0 34 8 * * 3', NULL, 0, '2026-03-26 10:30:54', 1, 1, 'cron', 1, '2026-03-25 22:55:12.414536', '2026-07-18 11:09:35');
INSERT INTO "sys_task" ("id", "name", "description", "cron", "params", "enabled", "last_execute_time", "is_manual_execute", "last_execute_status", "task_type", "is_valid", "created_at", "updated_at") VALUES (6, 'sys_清理已软删除超过24小时的文件数据', '', '0 0 3 * * *', NULL, 1, '2026-03-29 12:13:57', 1, 1, 'cron', 1, '2026-03-26 23:37:31.655170', '2026-07-18 11:09:35');
INSERT INTO "sys_task" ("id", "name", "description", "cron", "params", "enabled", "last_execute_time", "is_manual_execute", "last_execute_status", "task_type", "is_valid", "created_at", "updated_at") VALUES (7, 'sys_清理已软删除超过6小时未完成的分片目录', 'sys_清理已软删除超过6小时未完成的分片目录', '0 0 */2 * * *', NULL, 1, '2026-03-29 20:00:00', 0, 1, 'cron', 1, '2026-03-26 23:39:27.172899', '2026-07-18 11:09:35');

DROP TABLE IF EXISTS "user";
CREATE TABLE "user" ("id" integer PRIMARY KEY AUTOINCREMENT NOT NULL, "name" varchar NOT NULL, "email" varchar NOT NULL DEFAULT (''), "password" varchar NOT NULL, "isBanned" boolean NOT NULL DEFAULT (0), "createdAt" datetime NOT NULL DEFAULT (datetime('now')), CONSTRAINT "UQ_065d4d8f3b5adb4a08841eae3c8" UNIQUE ("name"));

DROP INDEX IF EXISTS "IDX_10c43217a9477c032315092cdb";
CREATE INDEX "IDX_10c43217a9477c032315092cdb" ON "sys_admin_roles" ("role_id") ;

DROP INDEX IF EXISTS "IDX_18cdc9b348abeb0241c2f4a5d0";
CREATE INDEX "IDX_18cdc9b348abeb0241c2f4a5d0" ON "sys_admin_roles" ("admin_id") ;

DROP INDEX IF EXISTS "IDX_299686605f5060fc0604174e1f";
CREATE INDEX "IDX_299686605f5060fc0604174e1f" ON "sys_dict_data" ("parentId") ;
COMMIT;
PRAGMA foreign_keys=ON;
